word,language,
என,1,
நான்,1,
அவரது,1,
என்று,1,
அவர்,1,
இருந்தது,1,
ஐந்து,1,
ம்,1,
உள்ளன,1,
உடன்,1,
அவை,1,
இருக்கும்,1,
மணிக்கு,1,
ஒரு,1,
வேண்டும்,1,
இந்த,1,
இருந்து,1,
மூலம்,1,
சூடான,1,
விக்சனரி,1,
ஆனால்,1,
என்ன,1,
சில,1,
ஆகிறது,1,
அது,1,
நீங்கள்,1,
அல்லது,1,
இருந்தது,1,
தி,1,
உள்ள,1,
செய்ய,1,
மற்றும்,1,
ஒரு,1,
உள்ள,1,
நாம்,1,
முடியாது,1,
வெளியே,1,
மற்ற,1,
இருந்தன,1,
இது,1,
செய்,1,
தங்கள்,1,
நேரம்,1,
என்றால்,1,
சாப்பிடுவேன்,1,
எப்படி,1,
என்றார்,1,
ஒரு,1,
ஒவ்வொரு,1,
சொல்ல,1,
இல்லை,1,
தொகுப்பு,1,
மூன்று,1,
வேண்டும்,1,
காற்று,1,
அதே,1,
"மேலும்,",1,
விளையாட,1,
சிறு,1,
இறுதியில்,1,
வைத்து,1,
வீட்டில்,1,
படிக்க,1,
கையில்,1,
துறைமுக,1,
பெரிய,1,
எழுத்துப்பிழை,1,
சேர்க்க,1,
கூட,1,
நில,1,
இங்கே,1,
வேண்டும்,1,
பெரிய,1,
உயர்,1,
போன்ற,1,
பின்பற்றவும்,1,
செயல்,1,
ஏன்,1,
கேட்க,1,
ஆண்கள்,1,
மாற்றம்,1,
சென்றார்,1,
ஒளி,1,
வகையான,1,
ஆஃப்,1,
வேண்டும்,1,
வீட்டில்,1,
படம்,1,
முயற்சி,1,
அமெரிக்க,1,
மீண்டும்,1,
விலங்கு,1,
புள்ளி,1,
அம்மா,1,
உலக,1,
அருகில்,1,
கட்ட,1,
சுய,1,
பூமியில்,1,
தந்தை,1,
எந்த,1,
புதிய,1,
பணி,1,
பகுதி,1,
எடுத்து,1,
கிடைக்கும்,1,
இடத்தில்,1,
செய்து,1,
வாழ,1,
எங்கே,1,
பின்னர்,1,
மீண்டும்,1,
சிறிய,1,
மட்டும்,1,
சுற்று,1,
மனிதன்,1,
ஆண்டு,1,
வந்தது,1,
நிகழ்ச்சி,1,
ஒவ்வொரு,1,
நல்ல,1,
எனக்கு,1,
கொடுக்க,1,
எங்கள்,1,
கீழ்,1,
பெயர்,1,
மிகவும்,1,
மூலம்,1,
வெறும்,1,
வடிவம்,1,
தண்டனை,1,
பெரும்,1,
என்று,1,
சொல்ல,1,
உதவும்,1,
குறைந்த,1,
வரி,1,
வேறுபடுகின்றன,1,
இதையொட்டி,1,
காரணம்,1,
மிகவும்,1,
அர்த்தம்,1,
முன்னால்,1,
நடவடிக்கை,1,
வலது,1,
சிறுவன்,1,
பழைய,1,
மிகவும்,1,
அதே,1,
அவர்,1,
அனைத்து,1,
அங்கு,1,
எப்போது,1,
மேலே,1,
பயன்பாடு,1,
உங்கள்,1,
வழி,1,
பற்றி,1,
பல,1,
பின்னர்,1,
அவர்கள்,1,
எழுத,1,
என்று,1,
போன்ற,1,
எனவே,1,
இவை,1,
அவரது,1,
நீண்ட,1,
செய்ய,1,
விஷயம்,1,
பார்க்க,1,
அவரை,1,
இரு,1,
உள்ளது,1,
பார்க்க,1,
மேலும்,1,
நாள்,1,
முடியும்,1,
போ,1,
வா,1,
செய்தது,1,
பல,1,
ஒலி,1,
எந்த,1,
மிகவும்,1,
மக்கள்,1,
என்னுடைய,1,
மேல்,1,
எனக்கு தெரியும்,1,
தண்ணீர்,1,
விட,1,
அழைப்பு,1,
முதல்,1,
யார்,1,
மே,1,
கீழே,1,
பக்க,1,
வருகிறது,1,
இப்பொழுது,1,
கண்டுபிடிக்க,1,
தலைவர்,1,
நிற்க,1,
சொந்த,1,
பக்கம்,1,
வேண்டும்,1,
நாட்டின்,1,
காணப்படும்,1,
பதில்,1,
பள்ளி,1,
வளர,1,
ஆய்வு,1,
இன்னும்,1,
அறிய,1,
ஆலை,1,
கவர்,1,
உணவு,1,
சூரிய,1,
நான்கு,1,
இடையே,1,
மாநில,1,
வைத்து,1,
கண்,1,
ஒருபோதும்,1,
கடந்த,1,
நாம்,1,
நினைத்தேன்,1,
நகரம்,1,
மரத்தில்,1,
கடந்து,1,
பண்ணை,1,
கடின,1,
தொடக்கத்தில்,1,
வலிமை,1,
கதை,1,
எண்ணினர்,1,
இதுவரை,1,
கடல்,1,
வரைய,1,
விட்டு,1,
தாமதமாக,1,
ரன்,1,
இல்லை,1,’
போது,1,
செய்தி,1,
நெருங்கிய,1,
இரவு,1,
உண்மையான,1,
வாழ்க்கை,1,
சில,1,
வடக்கில்,1,
புத்தகம்,1,
எடுத்து,1,
நடந்தது,1,
அறிவியல்,1,
சாப்பிட,1,
அறையில்,1,
நண்பர்,1,
தொடங்கியது,1,
யோசனை,1,
மீன்,1,
மலை,1,
நிறுத்த,1,
ஒருமுறை,1,
அடிப்படை,1,
செவி மடுத்து கேள்,1,
குதிரை,1,
வெட்டு,1,
உறுதியான,1,
பார்க்க,1,
வண்ண,1,
முகத்தை,1,
மரம்,1,
முக்கிய,1,
திறந்த,1,
தெரியவில்லை,1,
ஒன்றாக,1,
அடுத்த,1,
வெள்ளை,1,
குழந்தைகள்,1,
தொடங்கும்,1,
கிடைத்தது,1,
நடக்க,1,
உதாரணமாக,1,
எளிதாக்க,1,
காகித,1,
குழு,1,
எப்போதும்,1,
இசை,1,
அந்த,1,
இரண்டு,1,
குறி,1,
பெரும்பாலும்,1,
கடிதம்,1,
வரை,1,
மைல்,1,
ஆற்றில்,1,
கார்,1,
அடி,1,
பாதுகாப்பு,1,
இரண்டாவது,1,
போதுமான,1,
வெற்று,1,
பெண்,1,
வழக்கம்,1,
இளம்,1,
தயாராக,1,
மேலே,1,
எப்போதும்,1,
"சிவப்பு,",1,
பட்டியலில்,1,
எனினும்,1,
உணர,1,
பேச்சு,1,
பறவை,1,
விரைவில்,1,
உடல்,1,
நாய்,1,
குடும்ப,1,
நேரடி,1,
போஸ்,1,
விட்டு,1,
பாடல்,1,
அளவிட,1,
கதவை,1,
தயாரிப்பு,1,
கருப்பு,1,
குறுகிய,1,
எண்,1,
வர்க்கம்,1,
காற்று,1,
கேள்வி,1,
நடக்கும்,1,
முழுமையான,1,
கப்பல்,1,
பகுதி,1,
அரை,1,
ராக்,1,
பொருட்டு,1,
தீ,1,
தெற்கு,1,
பிரச்சனை,1,
துண்டு,1,
கூறினார்,1,
தெரிந்தது,1,
கடந்து,1,
முதல்,1,
மேல்,1,
முழுவதும்,1,
ராஜா,1,
தெருவில்,1,
அங்குல,1,
பெருக்கவும்,1,
எதுவும்,1,
நிச்சயமாக,1,
தங்க,1,
சக்கர,1,
முழு,1,
படை,1,
நீல,1,
பொருள்,1,
முடிவு,1,
மேற்பரப்பு,1,
ஆழமான,1,
நிலவு,1,
தீவின்,1,
கால்,1,
அமைப்பு,1,
பிஸியாக,1,
சோதனை,1,
பதிவு,1,
படகு,1,
பொது,1,
தங்க,1,
சாத்தியம்,1,
விமானம்,1,
ஸ்தானத்தில்,1,
உலர்,1,
தெரியவில்லை,1,
சிரிப்பு,1,
ஆயிரம்,1,
முன்பு,1,
ஓடி,1,
பார்க்க,1,
விளையாட்டு,1,
வடிவம்,1,
சமன்,1,
சூடான,1,
மிஸ்,1,
கொண்டு,1,
வெப்ப,1,
பனி,1,
டயர்,1,
கொண்டு வா,1,
ஆம்,1,
தொலைதூர,1,
நிரப்பவும்,1,
கிழக்கு,1,
வண்ணம்,1,
மொழி,1,
மத்தியில்,1,
அலகு,1,
அதிகாரத்தை,1,
நகரம்,1,
நன்றாக,1,
நிச்சயமான,1,
பறக்க,1,
விழ,1,
வழிவகுக்கும்,1,
அழ,1,
இருண்ட,1,
இயந்திரம்,1,
குறிப்பு,1,
காத்திருக்க,1,
திட்டம்,1,
எண்ணிக்கை,1,
நட்சத்திர,1,
பெட்டியில்,1,
பெயர்ச்சொல்,1,
துறையில்,1,
மீதமுள்ள,1,
சரியான,1,
முடிந்தது,1,
பவுண்டு,1,
செய்து,1,
அழகு,1,
இயக்கி,1,
நின்று,1,
கொண்டிருக்கிறது,1,
முன்,1,
கற்று,1,
வாரம்,1,
இறுதி,1,
கொடுத்தது,1,
பச்சை,1,
ஓ,1,
விரைவான,1,
அபிவிருத்தி,1,
கடல்,1,
சூடான,1,
இலவச,1,
நிமிடம்,1,
வலுவான,1,
சிறப்பு,1,
மனதில்,1,
பின்னால்,1,
தெளிவான,1,
வால்,1,
உற்பத்தி,1,
உண்மை,1,
விண்வெளி,1,
கேட்டது,1,
சிறந்த,1,
மணி,1,
சிறந்த,1,
உண்மை,1,
போது,1,
நூறு,1,
ஐந்து,1,
நினைவில்,1,
படி,1,
ஆரம்ப,1,
நடத்த,1,
மேற்கே,1,
தரையில்,1,
வட்டி,1,
அடைய,1,
வேகமாக,1,
வினை,1,
பாட,1,
கேட்க,1,
ஆறு,1,
அட்டவணை,1,
பயண,1,
குறைவான,1,
காலையில்,1,
பத்து,1,
எளிமையான,1,
பல,1,
உயிர்,1,
நோக்கி,1,
போர்,1,
போட,1,
எதிரான,1,
அமைப்பு,1,
மெதுவாக,1,
சென்டர்,1,
காதல்,1,
நபர்,1,
பணத்தை,1,
சேவை,1,
தோன்றும்,1,
சாலை,1,
வரைபடத்தை,1,
மழை,1,
ஆட்சி,1,
ஆட்சி,1,
இழுக்க,1,
குளிர்,1,
அறிவிப்பு,1,
குரல்,1,
ஆற்றல்,1,
வேட்டை,1,
சாத்தியமான,1,
படுக்கையில்,1,
சகோதரர்,1,
முட்டை,1,
சவாரி,1,
செல்,1,
நம்பிக்கை,1,
ஒருவேளை,1,
எடுக்க,1,
திடீர்,1,
எண்ண,1,
சதுரம்,1,
காரணம்,1,
நீளம்,1,
பிரதிநிதித்துவம்,1,
கலை,1,
பொருள்,1,
பகுதி,1,
அளவு,1,
மாறுபடுகிறது,1,
குடியேற,1,
பேச,1,
எடை,1,
பொது,1,
பனி,1,
விஷயம்,1,
வட்டத்தின்,1,
ஜோடி,1,
சேர்க்கிறது,1,
பிளவை,1,
அசையாக,1,
உணர்ந்தேன்,1,
பெரும்,1,
பந்து,1,
இதுவரை,1,
அலை,1,
கைவிட,1,
இதய,1,
நான்,1,
தற்போதைய,1,
கனரக,1,
நடன,1,
இயந்திரம்,1,
நிலையை,1,
கை,1,
பரந்த,1,
புறப்பட்டது,1,
பொருள்,1,
பகுதி,1,
காட்டில்,1,
உட்கார,1,
இனம்,1,
சாளர,1,
கடையில்,1,
கோடை,1,
ரயில்,1,
தூக்கம்,1,
நிரூபிக்க,1,
தனி,1,
காலை,1,
உடற்பயிற்சி,1,
சுவர்,1,
ப,1,
ஏற்ற,1,
விரும்புகிறேன்,1,
வானத்தில்,1,
குழு,1,
மகிழ்ச்சி,1,
குளிர்காலத்தில்,1,
சனி,1,
எழுதப்பட்ட,1,
காட்டு,1,
கருவி,1,
வைத்து,1,
கண்ணாடி,1,
புல்,1,
மாடு,1,
வேலை,1,
விளிம்பில்,1,
அடையாளம்,1,
வருகை,1,
கடந்த,1,
மென்மையான,1,
வேடிக்கை,1,
பிரகாசமான,1,
எரிவாயு,1,
வானிலை,1,
மாதம்,1,
மில்லியன்,1,
தாங்க,1,
பூச்சு,1,
சந்தோஷமாக,1,
நம்பிக்கை,1,
மலர்,1,
உடை,1,
விசித்திரமான,1,
சென்று,1,
வர்த்தக,1,
மெல்லிசை,1,
பயணம்,1,
அலுவலகத்தில்,1,
பெற,1,
வரிசையில்,1,
வாயில்,1,
துல்லியமான,1,
சின்னம்,1,
இறக்க,1,
குறைந்தது,1,
சிக்கல்,1,
கத்தி,1,
"தவிர,",1,
எழுதியது,1,
விதை,1,
தொனி,1,
சேர,1,
பரிந்துரைக்கிறது,1,
சுத்தமான,1,
இடைவெளி,1,
பெண்,1,
முற்றத்தில்,1,
உயரும்,1,
கெட்ட,1,
அடியாக,1,
எண்ணெய்,1,
இரத்த,1,
தொட,1,
வளர்ந்தது,1,
சதவீதம்,1,
கலந்து,1,
அணி,1,
கம்பி,1,
செலவு,1,
இழந்தது,1,
பழுப்பு,1,
அணிய,1,
தோட்டத்தில்,1,
சம,1,
அனுப்பி,1,
தேர்வு,1,
விழுந்தது,1,
பொருந்தும்,1,
பாயும்,1,
நியாயமான,1,
வங்கி,1,
சேகரிக்க,1,
காப்பாற்ற,1,
கட்டுப்பாடு,1,
தசம,1,
காது,1,
வேறு,1,
மிகவும்,1,
வெடித்தது,1,
வழக்கு,1,
நடுத்தர,1,
கொலை,1,
மகன்,1,
ஏரியில்,1,
கணம்,1,
அளவில்,1,
உரத்த,1,
வசந்த,1,
அவதானிக்கவும்,1,
குழந்தை,1,
நேராக,1,
மெய்,1,
தேசிய,1,
அகராதியில்,1,
பால்,1,
வேக,1,
முறை,1,
உறுப்பு,1,
செலுத்த,1,
வயது,1,
பிரிவில்,1,
ஆடை,1,
மேகம்,1,
ஆச்சரியம்,1,
அமைதியான,1,
கல்,1,
சிறிய,1,
ஏறு மெதுவாக தொற்றி ஏறு,1,
குளிர்,1,
வடிவமைப்பு,1,
ஏழை,1,
நிறைய,1,
சோதனை,1,
கீழே,1,
முக்கிய,1,
இரும்பு,1,
ஒற்றை,1,
குச்சி,1,
பிளாட்,1,
இருபத்தி,1,
தோல்,1,
சிரிப்பு,1,
மடி,1,
ஓட்டை,1,
குதிக்க,1,
குழந்தை,1,
எட்டு,1,
கிராமம்,1,
சந்திக்க,1,
ரூட்,1,
வாங்க,1,
உயர்த்த,1,
தீர்க்க,1,
உலோக,1,
என்பதை,1,
மிகுதி,1,
ஏழு,1,
பத்தி,1,
மூன்றாவது,1,
போகலாமா,1,
நானும்,1,
முடி,1,
விவரிக்க,1,
சமையற்காரர்,1,
தரையில்,1,
ஒன்று,1,
இதன் விளைவாக,1,
எரிக்க,1,
மலை,1,
பாதுகாப்பான,1,
பூனை,1,
நூற்றாண்டின்,1,
கருத்தில்,1,
வகை,1,
சட்ட,1,
பிட்,1,
கடற்கரையில்,1,
பிரதியை,1,
சொற்றொடர்,1,
அமைதியாக,1,
உயரம்,1,
மணல்,1,
மண்,1,
ரோல்,1,
வெப்பநிலை,1,
விரல்,1,
தொழில்,1,
மதிப்பு,1,
சண்டை,1,
பொய்யை,1,
அடிக்க,1,
தூண்ட,1,
இயற்கை,1,
பார்வை,1,
உணர்வு,1,
தலைநகர்,1,
இல்லை,1,’
நாற்காலியில்,1,
ஆபத்து,1,
பழம்,1,
பணக்கார,1,
தடித்த,1,
சிப்பாய்,1,
செயல்முறை,1,
செயல்பட,1,
நடைமுறையில்,1,
தனி,1,
கடினமான,1,
மருத்துவர்,1,
தயவு செய்து,1,
காப்பாற்று,1,
நண்பகல்,1,
பயிர்,1,
நவீன,1,
உறுப்பு,1,
வெற்றி,1,
மாணவர்,1,
மூலையில்,1,
கட்சி,1,
வழங்கல்,1,
அதன்,1,
கண்டறிவது,1,
மோதிரத்தை,1,
பாத்திரம்,1,
பூச்சி,1,
பிடித்து,1,
காலம்,1,
குறிக்கிறது,1,
ரேடியோ,1,
பேசினார்,1,
அணுவின்,1,
மனித,1,
வரலாற்றில்,1,
விளைவு,1,
மின்சார,1,
எதிர்பார்க்க,1,
எலும்பு,1,
ரயில்,1,
கற்பனை,1,
எப்படி,1,
ஒப்புக்கொள்கிறேன்,1,
இவ்வாறு,1,
மென்மையான,1,
பெண்,1,
கேப்டன்,1,
யூகிக்க,1,
தேவையான,1,
கூர்மையான,1,
வலதுசாரி,1,
உருவாக்க,1,
அண்டை,1,
கழுவும்,1,
பேட்டிங்,1,
மாறாக,1,
கூட்டத்தில்,1,
சோளம்,1,
ஒப்பிட்டு,1,
கவிதையை,1,
சரம்,1,
மணி,1,
சார்ந்திருக்கிறது,1,
இறைச்சி,1,
துடைப்பான்,1,
குழாய்,1,
பிரபலமான,1,
டாலர்,1,
ஸ்ட்ரீம்,1,
பயம்,1,
பார்வை,1,
மெல்லிய,1,
முக்கோண,1,
கிரகத்தின்,1,
அவசரம்,1,
தலைமை,1,
காலனி,1,
கடிகார,1,
என்னுடைய,1,
டை,1,
நுழைய,1,
முக்கிய,1,
புதிய,1,
தேடல்,1,
அனுப்பு,1,
மஞ்சள்,1,
துப்பாக்கி,1,
அனுமதிக்க,1,
அச்சு,1,
இறந்த,1,
ஸ்பாட்,1,
பாலைவன,1,
வழக்கு,1,
நடப்பு,1,
லிப்ட்,1,
உயர்ந்தது,1,
வரும்,1,
மாஸ்டர்,1,
பாடல்,1,
பெற்றோர்,1,
கரையில்,1,
பிரிவு,1,
தாள்,1,
பொருள்,1,
சாதகமாக,1,
இணைக்க,1,
பின்,1,
செலவு,1,
நாண்,1,
கொழுப்பு,1,
மகிழ்ச்சி,1,
அசல்,1,
பங்கு,1,
நிலையம்,1,
தந்தை,1,
ரொட்டி,1,
வசூலிக்க,1,
முறையான,1,
பட்டியில்,1,
வாய்ப்பை,1,
பிரிவு,1,
அடிமை,1,
மூழ்கு,1,
உடனடி,1,
சந்தை,1,
பட்டம்,1,
விரிவுப்படுத்த,1,
குஞ்சு,1,
அன்பே,1,
பகைவன்,1,
பதில்,1,
பானம்,1,
ஏற்படும்,1,
ஆதரவு,1,
பேச்சு,1,
இயற்கையின்,1,
எல்லை,1,
நீராவி,1,
இயக்கம்,1,
பாதை,1,
திரவ,1,
புகுபதிகை,1,
பொருள்,1,
ஈவு,1,
பற்கள்,1,
ஷெல்,1,
கழுத்தில்,1,
ஆக்சிஜன்,1,
சர்க்கரை,1,
மரணம்,1,
அழகான,1,
திறன்,1,
பெண்கள்,1,
சீசன்,1,
தீர்வு,1,
கிரேடு,1,
வெள்ளி,1,
நன்றி,1,
கிளை,1,
போட்டியில்,1,
மை,1,
குறிப்பாக,1,
அத்தி,1,
பயம்,1,
பிரம்மாண்டமான,1,
அக்கா,1,
உருக்கு,1,
விவாதிக்க,1,
முன்னோக்கி,1,
இதே,1,
வழிகாட்ட,1,
அனுபவம்,1,
மதிப்பெண்,1,
ஆப்பிள்,1,
வாங்கி,1,
தலைமையிலான,1,
சுருதி,1,
கோட்,1,
வெகுஜன,1,
கார்டு,1,
இசைக்குழு,1,
கயிற்றில்,1,
சீட்டு,1,
வெற்றி,1,
கனவு,1,
மாலை,1,
நிலை,1,
ஜூன்,1,
கருவி,1,
மொத்த,1,
அடிப்படை,1,
மணம்,1,
பள்ளத்தாக்கில்,1,
அல்லது,1,
இரட்டை,1,
இருக்கை,1,
தொடர்ந்து,1,
தொகுதி,1,
விளக்கப்படம்,1,
தொப்பி,1,
விற்க,1,
வெற்றி,1,
நிறுவனம்,1,
கழித்தால்,1,
நிகழ்வு,1,
குறிப்பாக,1,
ஒப்பந்தம்,1,
து,1,
கால,1,
எதிர்,1,
மனைவி,1,
காலணி,1,
தோள்பட்டை,1,
பரவல்,1,
ஏற்பாடு,1,
முகாம்,1,
கண்டுபிடித்தல்,1,
பருத்தி,1,
பிறந்த,1,
தீர்மானிக்க,1,
பைண்டு அளவு,1,
ஒன்பது,1,
டிரக்,1,
சத்தம்,1,
நிலை,1,
வாய்ப்பு,1,
சேகரிக்க,1,
கடையை,1,
நீட்டிக்க,1,
தூக்கி,1,
பிரகாசி,1,
சொத்து,1,
பத்தியில்,1,
மூலக்கூறின்,1,
தேர்ந்தெடு,1,
தவறு,1,
முமுக்ஷுக்களும்,0,
மீண்டும்,1,
தேவைப்படுகிறது,1,
பரந்த,1,
தயார்,1,
"உப்பு,",1,
மூக்கு,1,
பன்மை,1,
கோபத்தை,1,
கூற்று,1,
கண்டத்தின்,1,
பரதத்வமென்றும்,1,
வேதநமென்றும்,1,
உபாஸநமென்றும்,1,
த்யாஜ்யமென்றும்,1,
சேஷமென்றும்,1,
நாமென்றும்,1,
யாமென்றும்,1,
பலமென்றும்,1,
உபாயமென்றும்,1,
புருஷார்த்தமென்றும்,1,
ஸ்வரூபமென்றும்,1,
வேதநமென்றும்,1,
உபாஸநமென்றும்,1,
த்யாஜ்யமென்றும்,1,
வேதமென்றும்,1,
சேஷமென்றும்,1,
நாமென்றும்,1,
யாமென்றும்,1,
பலமென்றும்,1,
உபாயமென்றும்,1,
புருஷார்த்தமென்றும்,1,
ஸ்வரூபமென்றும்,1,
பரதத்வமென்றும்,1,
உடையவனாகையாலே ,1,
தம்மதாகையாலே ,1,
கிடையாமையாலே ,1,
செய்யாமையாலே ,1,
கோலுகையாலே,1,
இனிதாயிருக்கையாலே ,1,
வருகையாலே ,1,
கிடக்கையாலே ,1,
கொடுக்கையாலே ,1,
கூடியல்லதிராமையாலே ,1,
தலையாலே ,1,
நன்மையாலே ,1,
போகாமையாலே,1,
சேர்த்தியாலே ,1,
தாரகமாகையாலே ,1,
பண்ணியிருக்கையாலே,1,
மாட்டாமையாலே ,1,
தங்குகையாலே ,1,
குடியாகையாலே,1,
கிடையாமையாலே ,1,
பண்ணுகையாலே,1,
தோற்றா,1,
நிற்கச்செய்தேயும்,1,
சொல்லுகையாலே ,1,
வேணுமாகில்,1,
அடியேன்,1,
அறியேன்,1,
பாவியேன்,1,
அறியேன்,1,
இசையேன்,1,
வினையேன் ,1,
அருவினையேன்,1,
புகலொன்றில்லாவடியேன்,1,
ஏற்புடையேன்,1,
அருவினையேன் ,1,
ச்ரமமுடையேன் ,1,
இசையேன்,1,
கலவிருக்கை,1,
அடியற்றிருக்கை,1,
அத்விதீயமாயிருக்கை,1,
யுடைத்தாயிருக்கை,1,
பரமபூஜ்யமாயிருக்கை,1,
முற்பட்டிருக்கை,1,
இடத்திருக்கை,1,
வந்திருக்கை,1,
செருக்கை,1,
விசதமாயிருக்கை,1,
அடுத்தவையாயிருக்கை,1,
திருக்கை,1,
ஆற்றவற்றாயிருக்கை,1,
ஆடினாற்போலேயிருக்கை,1,
இன்றிக்கேயிருக்கை,1,
உபகரித்தானாயிருக்கை ,1,
முகமாயிருக்கை,1,
என்றிருக்கை,1,
மின்றிக்கேயிருக்கை,1,
பாராதேயிருக்கை,1,
சொன்னதாயிருக்கை,1,
வீற்றிருக்கை,1,
மூர்த்தாபிஷிக்தையாயிருக்கை,1,
இல்லையாம்படியிருக்கை,1,
அநுபவவிநாச்யமாயிருக்கை,1,
பழையதாயிருக்கை,1,
உடையனாயிருக்கை,1,
சங்கிக்கவேண்டும்படியிருக்கை,1,
சமைந்திருக்கை,1,
புரையின்றிக்கேயிருக்கை,1,
அநபிபவநீயனாயிருக்கை,1,
பார்த்துக்கொண்டிருக்கை,1,
ஒத்திருக்கை,1,
புஷ்கலமாயிருக்கை,1,
உடைத்தாயிருக்கை,1,
போந்திருக்கை,1,
துயர்தீர்ந்தனாயிருக்கை,1,
க்ஷணிகமென்றிருக்கை,1,
நசையறாதபடியாலே,1,
ஆகையாலே,1,
இராமையாலே,1,
காலமாகையாலே,1,
தவிர்க்கையாலே,1,
ப்ராப்தனாகையாலே,1,
வருகையாலே,1,
நெஞ்சாகையாலே ,1,
வாசியறிமவனாகையாலே ,1,
என்கையாலே,1,
அவ்வாசியறியுமவராகையாலே ,1,
பயசங்கையாலே  ,1,
நிர்வாஹகனாகையாலே,1,
கொடுத்துவிடுகையாலே,1,
கலக்கையாலே,1,
வ்ருத்தியாலே ,1,
நிற்கையாலே ,1,
நேர்நில்லாமையாலே ,1,
மாலையாலே ,1,
வழங்குகையாலே,1,
வகையாலே ,1,
வடிவாகையாலே ,1,
கொள்ளுமதாகையாலே,1,
ஈரக்கையாலே ,1,
விசதமாயிருக்கையாலே ,1,
ப்ரீதியாலே ,1,
முறையாலே ,1,
கொள்வாரில்லாமையாலே,1,
வாசகமென்கிற,1,
போகிறோமென்கிற,1,
ஜகத்காரணமென்கிற,1,
ஆடுமென்கிற,1,
அஹங்காரமென்கிற,1,
தேடிப்போகவேணுமோ,1,
சொல்லவேணுமோ,1,
வேணுமோ,1,
ஃபிளாஷ்,0,
அதிர்ஷ்டம்,0,
கரகோஷம்,0,
கஷ்டமான,0,
சந்தோஷம்,0,
சபாஷ்!,0,
சாம்பியன்ஷிப்,0,
சுஷி,0,
சோஷோன்,0,
ஜோஷ்,0,
டேனிஷ,0,
டேனிஷ்,0,
துரதிருஷ்டவசமாக,0,
துரதிருஷ்டவசமான,0,
துஷ்பிரயோகம்,0,
நஷ்டம்,0,
நிமிஷம்,0,
பின்னிஷ்,0,
புல்ஷிட்,0,
பேஷன்,0,
போலிஷ்,0,
மார்ஷல்,0,
மார்ஷ்மெல்லோ,0,
ரஷியன்,0,
ரஷ்யர்கள்,0,
ரஷ்யா,0,
ராஷ்ட்ரிய,0,
லக்ஷம்,0,
வாஷிங்டன்,0,
விதூஷகன்,0,
விஷம்,0,
விஷயங்களில்,0,
விஷயங்களை,0,
விஷயம்,0,
விஷ்ணு,0,
ஷாட்,0,
ஷாப்பிங்,0,
ஸ்பானிஷ்,0,
ஸ்பேனிஷ,0,
ஷாட்,0,
ஷாப்பிங்,0,
அர்ஜுனன்,0,
அர்ஜென்டினா,0,
அஸர்பைஜான்,0,
ஆக்ஸிஜன்,0,
இராஜஸ்தான்,0,
கஜாக்ஸ்தான்,0,
கெஜம்,0,
கேரேஜ்,0,
சாம்ராஜ்யம்,0,
ஜங்கிள்,0,
ஜனத்தொகை,0,
ஜனநாயக,0,
ஜனநாயகம்,0,
ஜனவரி,0,
ஜப்பான்,0,
ஜஸ்டின்,0,
ஜாக்கி,0,
ஜாக்சன்,0,
ஜானி,0,
ஜான்,0,
ஜாமீன்,0,
ஜாம்,0,
ஜார்ஜியன்,0,
ஜாஸ்,0,
ஜிபூட்டி,0,
ஜிம்,0,
ஜீன்ஸ்,0,
ஜீவனுள்ள,0,
ஜுவான்,0,
ஜூடி,0,
ஜூன்,0,
ஜூலி,0,
ஜூலியா,0,
ஜூலை,0,
ஜெஃப்,0,
ஜெசிகா,0,
ஜெட்,0,
ஜெனிபர்,0,
ஜெர்சி,0,
ஜெர்மனி,0,
ஜெர்மன்,0,
என்கையாலே,1,
அவ்வாசியறியுமவராகையாலே ,1,
பயசங்கையாலே  ,1,
நிர்வாஹகனாகையாலே,1,
கொடுத்துவிடுகையாலே,1,
கலக்கையாலே,1,
வ்ருத்தியாலே ,1,
நிற்கையாலே ,1,
நேர்நில்லாமையாலே ,1,
மாலையாலே ,1,
வழங்குகையாலே,1,
வகையாலே ,1,
வடிவாகையாலே ,1,
கொள்ளுமதாகையாலே,1,
ஈரக்கையாலே ,1,
விசதமாயிருக்கையாலே ,1,
வாசகமென்கிற,1,
போகிறோமென்கிற,1,
ஜகத்காரணமென்கிற,1,
ஆடுமென்கிற,1,
அஹங்காரமென்கிற,1,
தேடிப்போகவேணுமோ,1,
சொல்லவேணுமோ,1,
தஜிகிஸ்தான்,0,
நாஜி,0,
நைட்ரஜன்,0,
பழுவறைஜுரம்,0,
பூஜியம்,0,
பெய்ஜிங்,0,
பெல்ஜியம்,0,
ராஜஸ்தான்,0,
ராஜா,0,
ரோஜர்,0,
ரோஜா,0,
ரோஜாக்கள்,0,
விஜயம்,0,
விஜய்,0,
வெகுஜன,0,
ஹைட்ரஜன்,0,
ஜாலம்,0,
அஸர்பைஜான்,0,
கஜாக்ஸ்தான்,0,
ஜாக்கி,0,
ஜாக்சன்,0,
ஜானி,0,
ஜான்,0,
ஜாமீன்,0,
ஜாம்,0,
ஜார்ஜியன்,0,
ஜாஸ்,0,
ராஜா,0,
ரோஜா,0,
ரோஜாக்கள்,0,
அந்தஸ்து,0,
அலெக்ஸ்,0,
அவுஸ்திரேலியா,0,
ஆகஸ்டு,0,
ஆகஸ்ட்,0,
ஆந்த்ராக்ஸ்,0,
ஆப்கானிஸ்தான்,0,
ஆம்புலன்ஸ்,0,
ஆர்லியன்ஸ்,0,
ஆலிஸ்,0,
ஆஸ்கார்,0,
ஆஸ்திரேலிய,0,
ஆஸ்திரேலியா,0,
இன்னிங்ஸ்,0,
இன்ஸ்பெக்டர்,0,
இராஜஸ்தான்,0,
இஸ்ரேல்,0,
உஸ்பெகிஸ்தான்,0,
எபேசஸ்,0,
எஸ்பெராண்டோ,0,
ஏஞ்சல்ஸ்,0,
கஜாக்ஸ்தான்,0,
கன்சாஸ்,0,
கன்பூசியஸ்,0,
கம்யூனிஸ்ட்,0,
கஸ்,0,
காங்கிரஸ்,0,
கார்லோஸ்,0,
காலின்ஸ்,0,
கிங்ஸ்,0,
கிரிஸ்துவர்,0,
கிரீஸ்,0,
கிறிஸ்,0,
கிறிஸ்டோபர்,0,
கேட்ஸ்,0,
சமஸ்கிருதம்,0,
சர்க்கஸ்,0,
சாக்ஸ்,0,
சார்லஸ்,0,
சாஸ்,0,
சாஸ்கடூன்,0,
சியர்ஸ்,0,
சுவாரஸ்யமான,0,
செக்ஸ்,0,
ஜஸ்டின்,0,
ஜாஸ்,0,
ஜீன்ஸ்,0,
ஜெஸ்ஸி,0,
ஜேம்ஸ்,0,
ஜோன்ஸ்,0,
டக்ளஸ்,0,
டல்லாஸ்,0,
டிஸ்லெக்சியா,0,
டெக்சாஸ்,0,
டென்னிஸ்,0,
டேவிஸ்,0,
தங்ஸ்தென்,0,
தஜிகிஸ்தான்,0,
தாகெஸ்தான்,0,
தாமஸ்,0,
தாஸ்மானியா,0,
துருக்மெனிஸ்தான்,0,
துர்க்மெனிஸ்தான்,0,
பஸ்,0,
பாக்கிஸ்தான்,0,
பாரிஸ்,0,
பாலஸ்தீனம்,0,
பாஸ்,0,
பாஸ்டன்,0,
பாஸ்டர்ட்ஸ்,0,
பாஸ்பரஸ்,0,
பாஸ்போர்ட்,0,
பிரசல்ஸ்,0,
பிரான்சிஸ்,0,
பிரான்சிஸ்கோ,0,
பிரான்ஸ்,0,
பிளஸ்,0,
பிளாஸ்டிக்,0,
பிளாஸ்மா,0,
பீட்டில்ஸ்,0,
பீனிக்ஸ்,0,
பீன்ஸ்,0,
பீஸ்ஸா,0,
புரூஸ்,0,
பெலருஸ்,0,
பேஸ்பால்,0,
போனஸ்,0,
போலீஸ்,0,
போலீஸ்காரர்,0,
பைலோருஸ்சியன்,0,
ப்ளூஸ்,0,
மதறாஸ்,0,
மதிராஸ்,0,
மார்கஸ்,0,
மார்க்ஸ்,0,
மாஸ்கோ,0,
முஸ்லிம்,0,
முஸ்லீம்,0,
மெட்ராஸ்,0,
யுனிக்ஸ்,0,
ரஸ்ஸல்,0,
ராஜஸ்தான்,0,
ருஸ்சியன்,0,
ரோஸ்,0,
லாட்ஸ்,0,
லாரன்ஸ்,0,
லாஸ்,0,
லீக்டன்ஸ்டைன்,0,
லூகாஸ்,0,
லூயிஸ்,0,
லேண்ட்ஸ்கேப்,0,
வாலஸ்,0,
விண்டோஸ்,0,
வின்ஸ்,0,
வியட்னாமீஸ்,0,
வில்லியம்ஸ்,0,
வேகாஸ்,0,
வைரஸ்,0,
ஸ்காட்,0,
ஸ்காட்லாந்து,0,
ஸ்கிரிப்ட்,0,
ஸ்க்ரீவ்டு,0,
ஸ்டம்ப்,0,
ஸ்டான்,0,
ஸ்டான்லி,0,
ஸ்டாலின்,0,
ஸ்டீபன்,0,
ஸ்டீவன்,0,
ஸ்டீவர்ட்,0,
ஸ்டீவ்,0,
ஸ்டூடியோ,0,
ஸ்டைல்,0,
ஸ்ட்ராபெரி,0,
ஸ்திரமான,0,
ஸ்தூலமான,0,
ஸ்னூக்கர்,0,
ஸ்பானிஷ்,0,
ஸ்புட்னிக்,0,
ஸ்பெயின்,0,
ஸ்பேனிஷ,0,
ஸ்ரீமத்,0,
ஸ்லைடு,0,
ஹாரிஸ்,0,
ஹூஸ்டன்,0,
ஹெஸ்புல்லா,0,
ஹோம்ஸ்,0,
 ஜுரம்,0,
அர்ஜுனன்,0,
ஜுவான்,0,
பழுவறைஜுரம்,0,
ஜார்ஜியன்,0,
ஜிபூட்டி,0,
ஜிம்,0,
ஜோர்ஜியா,0,
தஜிகிஸ்தான்,0,
நாஜி,0,
பூஜியம்,0,
உஜ்ஜீவிக்க,0,
பரஜ்ஞான,0,
த்யாஜ்ய,0,
ஜ்ஞாநத்தையு,0,
ஜ்ஞாநப்ரம்சம்,0,
த்யாஜ்யமென்றால்,0,
த்யாஜ்யவேஷத்தை,0,
த்யாஜ்,0,
ஜ்ஞாநத்ரவ்ய,0,
ஜ்ஞாநாநந்தமயமாய்,0,
உஜ்ஜீவியென்,0,
ஸர்வஜ்ஞனாய்,0,
ர்த்தஜ்ஞாநத்துக்கு,0,
ஜ்ஞாதவ்யமா,0,
விச்வஜநாநுமோதநம்,0,
ஸர்வார்த்ததம்,0,
ஸ்ரீசடகோப,0,
ஸஹஸ்ரசாகோபநிஷத்,0,
ஸமாகமம்,0,
நமாம்யஹம்,0,
ஸாகரம்,0,
ஸ்ரீ ,0,
ஸ்ரீவிஷ்ணுபுராணம்,0,
ஸ்ரீபாஷ்யம்,0,
ஸ்ரீரங்கநாத,0,
ஸ்ரீமத்பாகவதத்தின்,0,
ஸ்வாமி,0,
ஸ்ரீரங்கநாதன்,0,
ஸ்ரீபாஷ்யத்திற்கு,0,
ஸுதர்சனபட்ட,0,
ஸ்ரீநாதமுனிகள்,0,
ஸ்ரீசொட்டை,0,
ஸமஸ்தகாமனாய்,0,
ஸமஸ்த,0,
ஸ்ரீவிஷ்ணுபுராணம்,0,
நிக்ரஹஸ்தாநங்கள்,0,
ஜாதி,0,
பஞ்சஸ்கந்தம்,0,
ஸ்வர்க்கம்,0,
ஸ்திரத்வபுத்தி,0,
ஸம்ஸாரம்,0,
ஈச்வரோபாஸ்தியாலே ,0,
ஸுகதுக்க,0,
நசையறாதபடியாலே,1,
ஆகையாலே,1,
இராமையாலே,1,
ஜ்ஞாநங்கள்,0,
மோக்ஷம்,0,
பாஸுபதன்,0,
ஜகத்துக்கு,0,
ஆகமஸித்தேச்வரன்,0,
ஸம்ஸாரம்,0,
கர்மாநுஷ்டாநத்தாலே,0,
ஸாரூப்யத்தைப்,0,
மோக்ஷம்,0,
ஸாங்க்ய,0,
ஸ்வதந்த்ரமாய்,0,
ஜ,0,
ஸம்பந்த,0,
திவ்யசக்ஷுர்,0,
முமுக்ஷுக்களும்,0,
முக்ஷுக்கள்,0,
க்ஷுத்,0,
சக்ஷுராதிகரணங்கள்,0,
அதிக்ஷுத்ரனாய்,0,
க்ஷுத்ரோபகரணனாயிருந்தான்,0,
க்ஷுத்ரனான,0,
சக்ஷுராதி,0,
க்ஷுத்ரமநுஷ்ய,0,
க்ஷுத்ரரான,0,
க்ஷுத்ரனான,0,
க்ஷுத்ரோப,0,
சக்ஷுரபிவீக்ஷதே,0,
க்ஷுத்ர,0,
க்ஷுத்,0,
திவ்யசக்ஷுஸ்ஸைக்,0,
சக்ஷுஷா,0,
சக்ஷுஷா,0,
திவ்யசக்ஷுர்,0,
முமுக்ஷுக்களும்,0,
சக்ஷுராதிகரணங்கள்,0,
க்ஷுத்ரோபகரணனாயிருந்தான்,0,
க்ஷுத்ரனான,0,
சக்ஷுராதி,0,
க்ஷுத்ரமநுஷ்,0,
சக்ஷுரபிவீக்ஷதே,0,
ஸர்வகதராய்,0,
ஸம்ஸரிக்கிறார்,0,
ப்ரவாஹ,0,
மோக்ஷ ,0,
ஹேது,0,
ஸத்பாவம்,0,
நிர்விசேஷ,0,
ஸம்ஸாரம்,0,
த்வமஸி,0,
ஜந்ய ,0,
ஜ்ஞாநத்தாலே,0,
பாஸ்கரீயன்,0,
ப்ரஹ்மந்தானே,0,
ஸத்யோபாதி,0,
வாக்யஜந்ய ,0,
ஜ்ஞாந,0,
உபாஸநாத்மக ,0,
ஜ்ஞாநத்தாலே,0,
ப்ரஹ்மந்தானே,0,
ஸத்யமான,0,
பேதஜ்ஞாநம்,0,
ஸம்ஸாரம் ,0,
ஜ்ஞாந  ,0,
ஸமுச்சயத்தினாலே,0,
ஜ்ஞாநம்,0,
ப்ரஹ்மம் ,0,
ஜகத்காரணமென்கிற ,1,
வைதிக ,0,
ஸித்தாந்தத்திற்காட்டில்,0,
விசிஷ்டமாகக் ,0,
ஹ்யேஷா,0,
ஜ்ஞாந,0,
விச்வஜநாநுமோதந,0,
ஜ்ஞாநபக்திகளிரண்டையும்,0,
நிர்வஹிப்பாருமுண்டு,0,
ஜ்ஞாநத்தைத்,0,
கர்மஜ்ஞாநாநுக்ருஹீதையான,0,
ஜ்ஞாநபக்திகளிரண்டையும்,0,
 அஜ்ஞாநத்தை,0,
ஜ்ஞாநம்,0,
விபரீதஜ்ஞாநமாவது,0,
அந்யதாஜ்ஞாநமாவது,0,
ஜ்ஞாநாநுதயமாவது,0,
ஜ்ஞாநம்,0,
ஜ்ஞாநாநுதயம்,0,
உஜ்ஜீவிக்க,0,
பரஜ்ஞான,0,
த்யாஜ்ய,0,
ஜ்ஞாநத்தையு,0,
ஜ்ஞாநப்ரம்சம்,0,
த்யாஜ்யமென்றால்,0,
த்யாஜ்யவேஷத்தை,0,
த்யாஜ்,0,
ஜ்ஞாநத்ரவ்ய,0,
ஜ்ஞாநாநந்தமயமாய்,0,
உஜ்ஜீவியென்,0,
ஸர்வஜ்ஞனாய்,0,
ர்த்தஜ்ஞாநத்துக்கு,0,
ஜ்ஞாதவ்யமா,0,
பெய்ஜிங்,0,
பெல்ஜியம்,0,
 ஜெபம்,0,
அர்ஜென்டினா,0,
ஜெஃப்,0,
நசையறாதபடியாலே,1,
ஆகையாலே,1,
இராமையாலே,1,
ஜெசிகா,0,
ஜெட்,0,
ஜெனிபர்,0,
ஜெர்சி,0,
ஜெர்மனி,0,
ஜெர்மன்,0,
ஜெர்ரி,0,
ஜெஸ்ஸி,0,
ஜொனாதன்,0,
ஜெர்ரி,0,
ஜெஸ்ஸி,0,
ஜொனாதன்,0,
ஜேக்கப்,0,
ஜேசன்,0,
ஜேனட்,0,
ஜேன்,0,
ஜேமி,0,
ஜேம்ஸ்,0,
ஜேர்மனியர்கள்,0,
ஜோ,0,
ஜோசப்,0,
ஜோடி,0,
ஜோன்,0,
ஜோன்ஸ்,0,
ஜோயி,0,
ஜோர்ஜியா,0,
ஜோர்டான்,0,
ஜோஷ்,0,
ஜொள்ளு,0,
ஜோடி,0,
டஜன்,0,
என்கையாலே,1,
அவ்வாசியறியுமவராகையாலே ,1,
பயசங்கையாலே  ,1,
நிர்வாஹகனாகையாலே,1,
கொடுத்துவிடுகையாலே,1,
கலக்கையாலே,1,
வ்ருத்தியாலே ,1,
நிற்கையாலே ,1,
நேர்நில்லாமையாலே ,1,
மாலையாலே ,1,
வழங்குகையாலே,1,
வகையாலே ,1,
வடிவாகையாலே ,1,
கொள்ளுமதாகையாலே,1,
ஈரக்கையாலே ,1,
விசதமாயிருக்கையாலே ,1,
வாசகமென்கிற,1,
போகிறோமென்கிற,1,
ஜகத்காரணமென்கிற,1,
ஆடுமென்கிற,1,
அஹங்காரமென்கிற,1,
தேடிப்போகவேணுமோ,1,
சொல்லவேணுமோ,1,
நசையறாதபடியாலே,1,
ஆகையாலே,1,
இராமையாலே,1,
திவ்யசக்ஷுர்,0,
முமுக்ஷுக்களும்,0,
முக்ஷுக்கள்,0,
க்ஷுத்,0,
சக்ஷுராதிகரணங்கள்,0,
அதிக்ஷுத்ரனாய்,0,
க்ஷுத்ரோபகரணனாயிருந்தான்,0,
க்ஷுத்ரனான,0,
சக்ஷுராதி,0,
க்ஷுத்ரமநுஷ்ய,0,
க்ஷுத்ரரான,0,
க்ஷுத்ரனான,0,
க்ஷுத்ரோப,0,
சக்ஷுரபிவீக்ஷதே,0,
க்ஷுத்ர,0,
க்ஷுத்,0,
திவ்யசக்ஷுஸ்ஸைக்,0,
சக்ஷுஷா,0,
சக்ஷுஷா,0,
திவ்யசக்ஷுர்,0,
முமுக்ஷுக்களும்,0,
சக்ஷுராதிகரணங்கள்,0,
க்ஷுத்ரோபகரணனாயிருந்தான்,0,
க்ஷுத்ரனான,0,
சக்ஷுராதி,0,
க்ஷுத்ரமநுஷ்,0,
சக்ஷுரபிவீக்ஷதே,0,
ஸ்ரீகௌஸ்து ,0,
மநுஷ்யாநந்தம்,0,
ப்ரஹ்மாநந்,0,
உத்ப்ரேக்ஷித்து,0,
ஸமஸ்தவஸ்துகதமான ,0,
ஸர்வப்ரகாரத்தாலு,0,
ஸந்நிதியில் ,0,
நக்ஷத்ராதிகளை,0,
ஸர்ஷபாதிகள்,0,
வாங்மநஸ்ஸுக்களால்,0,
ஸர்வேக்ஷயாந்தா,0,
ஜீவிதம்,0,
ஹித்யத்தை,0,
ப்ரயோஜநமாயிருராதே,0,
குணஸமூஹத்தை,0,
ஆநந்தாவஹமான,0,
அஸ்தி,0,
ப்ரயோஜநத்துக்கு,0,
அநுஸந்திப்பது,0,
குணஸமூஹத்தை,0,
ஆநந்தாவஹமான,0,
ஸ்வரூபாநு,0,
வர்ஷாயுதை,0,
மஹாந்,0,
பஹவோ,0,
 ந்ருப,0,
புத்ரஸ்ய ,0,
ஸந்தி ,0,
ஸ்வாபாவிகாநவதிகாதிசய ,0,
அஸங்க்யேய,0,
ஸ்வரூப,0,
அஸ்வரூபத்தை,0,
வைலக்ஷண்யத்,0,
ஸைந்தவகந,0,
குணவிசிஷ்டமான,0,
வைலக்ஷ்ணயத்தைச்,0,
ஜ்ஞாநாநுதயம்,0,
ஜ்ஞாநம்,0,
விபரீதஜ்ஞாநம்,0,
வாஸநையோடே,0,
ஜ்ஞாநாநுதயமாவது,0,
அந்யதாஜ்ஞாநமாவது,0,
சேஷ,0,
விபரீதஜ்ஞா,0,
ஸ்வபோ,0,
ஜ்ஞாநம்,0,
மயர்வற,0,
அஜ்ஞாநத்தை,0,
ஜ்ஞாநபக்திகளிரண்டையும்,0,
கர்மஜ்ஞாநாநுக்ருஹீதையான,0,
ஸ்தாநத்திலே,0,
ப்ரஸாதமாய்,0,
பூர்வக்ஷண,0,
ப்ரபந்நரோ,0,
பக்திநிஷ்டரோ,0,
ப்ரபந்நர்,0,
நிர்ஹேதுகமாக,0,
விஷயீகார,0,
அஸத்கல்,0,
ப்ரஸாதாந்மஹிமாநமீஸம்,0,
ஹேது,0,
ஸத்தையின்,0,
விஸ்ம்ருதி,0,
ப்ரத்வம்ஸாபாவ,0,
ஸீதா ,0,
த்வயா ,0,
ஹீநா ,0,
சாஹமபி ,0,
த்ரிபாத்விபூதி,0,
பரமஸாம்,0,
ஸ்ரீகௌஸ்து,0,
சேஷியென்றறியு,0,
ஸ்வாமி,0,
விக்ரஹவைலக்ஷண்யம்,0,
ஸமஸ்த,0,
ஸ்வபாவமான,0,
ஸகலாத்மாக்களுடை,0,
வ்யஸநேஷு,0,
ப்ருசம்,0,
ஜோரூபமான,0,
விக்ரஹத்தைச்,0,
சேஷபூதன்,0,
சேஷி,0,
ஸ்தநந்தயப்ரஜை,0,
நித்யஸம்ஸாரியாய்,0,
ஸ்வரூபாநுரூபாமான,0,
அஸநேவ,0,
ஸந்தமேநம்,0,
உஜ்ஜீவிக்கப்,0,
ஸங்கோசம்,0,
உஜ்ஜீவி,0,
உத்கர்ஷ,0,
ஸம்பந்தத்தை,0,
பந்தமோக்ஷயோ,0,
பந்தஹேதுவாய்,0,
ஸம்பந்தத்தை,0,
நிரபேக்ஷேமாக,0,
யோஜிக்கவுமாம்,0,
புரஸ்தாதத,0,
ப்ருஷ்டதஸ்தே,0,
மயர்வற,0,
ஸ்ம்ருதி,0,
மயர்வற,0,
நிரஸ்தர்,0,
விக்ரஹமில்லை,0,
ஸ்வபக்ஷத்தை ,0,
ஸ்தாபிக்கவே ,0,
பரபக்ஷம் ,0,
நிரஸ்தமாமிறே,0,
நிரஸ்தராவர்களிறே,0,
ப்ராப்யவேஷம்,0,
ஸாதநமென்றது,0,
பரிஸுத்தாந்த,0,
ப்ரஸ்துதமான,0,
மஸ்வரூபம் ,0,
ஹேய ,0,
ப்ரத்ய,0,
விலக்ஷணமாயிருக்கு,0,
ஜீவாத்ம,0,
ஸ்வரூபம்,0,
விலக்ஷணம்,0,
வைலக்ஷண்யத்தை,0,
மநஸ்ஸுக்கு,0,
மநஸ்ஸிலே,0,
விஷயமாயு,0,
க்ரோதச்ச,0,
ஹர்ஷமாநமதா,0,
விஷாதச்சாஷ்டம,0,
மநஸோ,0,
ஆத்மஸ்வரூபமும்,0,
ஜ்ஞாநமும்,0,
ஸ்வரூபகதமுமல்ல,0,
ஜ்ஞாநகதமுமல்ல,0,
தர்மபூதஜ்ஞாநத்துக்கு ,0,
உதயாஸ்தமயவ்யவஹாரம்,0,
ஜ்ஞாந ,0,
ப்ரஸ்ருதி ,0,
ஜ்ஞாந ,0,
ப்ரஸ்ருதி ,0,
த்வாரமான ,0,
மநஸ்ஸைப்,0,
தோஷமானது,0,
யோகசாஸ்த்ரத்தில்,0,
பாஹ்யவிஷய,0,
க்ரமத்தாலே ,0,
அநுஸந்திக்கப்,0,
விகஸிதமாய்,0,
மாநஸஜ்ஞாநம்,0,
விகஸிதமாய்க்,0,
மாநஸஜ்ஞாந,0,
மாநஸஜ்ஞாநகம்யமா,0,
ஜீவாத்மஸ்வரூபம்,0,
ஸ்வரூபம்,0,
க்ராஹ்யத்வமும்,0,
வைஷம்யமுண்டா,0,
க்ரஹிக்கைக்கு ,0,
ஸாமக்ரி,0,
ஸாம்யமுமில்லை,0,
மநஸா,0,
க்ரஹிக்கலா,0,
க்ரஹிக்குமத்தனை,0,
க்ரஹிக்கப்,0,
ஜ்ஞாநவிஷயம்,0,
வ்யத்தை ,0,
க்ரஹிக்குமாபோலே,0,
சக்ஷுராதிகரணங்கள்,0,
ப்ருதிவீ,0,
ஜீவாத்ம,0,
ஸ்வரூபத்தில் ,0,
விலக்ஷணனென்றதும்,0,
ஜாத்யந்தன் ,0,
தர்ஸநம்,0,
விலக்ஷணனென்றவோபாதி ,0,
சித்விலக்ஷணனென்றதுவும்,0,
உபயவிலக்ஷணனாயிருக்கு,0,
வக்ஷ்யமாணத்தை,0,
ஜ்ஞாநம்,0,
ஜ்ஞாநமுமாய்,0,
ஸ்வரூபத்தில்,0,
ஜ்ஞாநவிசேஷமாகையாலே,0,
ஜ்ஞாநத்தையும்,0,
ஸைந்தவகந,0,
ஸர்வரஸத்துக்கும் ,0,
உபலக்ஷணம்,0,
ஸர்வகந்தத்துக்கும் ,0,
உபலக்ஷணம்,0,
ரஸத்தை,0,
அல்பாஸ்திரத்வாதி,0,
தோஷங்களை,0,
ஸ்திரமாக்கிச்,0,
ஜ்ஞாநமுமாய்,0,
ஜ்ஞாநமேயாகிலும்,0,
வ்யவஹரிக்கக்,0,
தர்ஸநத்துக்கு,0,
விலக்ஷணம்,0,
ஸாதர்ம்ய ,0,
த்ருஷ்டாந்தம்,0,
த்ருஷ்டாந்த,0,
பரேஷு ,0,
மஹௌஜஸ,0,
மலிம்லுசா ,0,
யஸ்யாத்மா,0,
ஜீவாத்மாவை,0,
தத்ஸமச்சாப்யதிகச்ச,0,
விக்ரஹ ,0,
வைலக்ஷண்யத்தையும்,0,
விலக்ஷணமுமாய்,0,
ரஹிதமுமாய்,0,
நோபஜநம் ,0,
ஸ்மரந்நிதம்,0,
மயர்வற,0,
மஹிஷிகளும்,0,
லீலாரஸம்,0,
ஸர்வேச்வரனும்,0,
லீலாரஸ,0,
மஹாமேருவிருக்கிறதாகவும்,0,
ஸர்வாதிகனது,0,
த்ருச்யதே ,0,
ச்ரூயதேபி,0,
தத்ஸ்ருஷ்ட்வா,0,
அநுப்ரவேஸித்து,0,
ப்ரவிஷ்டச்,0,
சாஸ்தா ,0,
ஜநாநாம் ,0,
ஸர்வாத்மா,0,
ஸர்வாந்தராத்மாவாய்,0,
ஸர்வாத்மாவாய்,0,
ஸுகித்வ,0,
ஸ்பர்சிக்கும்ப,0,
ஸுபர்ணா,0,
ஸயுஜா ,0,
ஸகாயா ,0,
வ்ருக்ஷம் ,0,
பரிஷஸ்வஜாதே,0,
ஸ்வாத்வத்த்யநச்நந்நந்யோ,0,
வஸ்துக்கள்,0,
விசிஷ்ட ,0,
ஸ்வரூபத்தை,0,
மயர்வறமதிநல,0,
ஜ்ஞாநமாத்ரம்,0,
ஸ்யாச்சித்தமோஹோயம்,0,
ப்ரமஸ்வப்நாதிகளோ,0,
ஈச்வரோஹம்,0,
அஹமென்றால்,0,
தேஹத்தளவிலேயாம்,0,
ப்ராப்தாஸ்ஸ்ம,0,
பரத்வாஜோ,0,
ராஜந்,0,
ஸம்போதிக்கும்ப,0,
ஸ்ரீபரத்வாஜபகவான்,0,
துஷ்டோ ,0,
வ்ரஜஸி,0,
கதமாஸீத் ,0,
ஸமாகம,0,
ராமஸுக்ரீவயோரைக்யம்,0,
ஸம்ஜாயத,0,
மஹாராஜரும்,0,
ஸந்நிஹிதமென்ன,0,
தூரஸ்தமென்ன,0,
ஸ்த்ரீலிங்க ,0,
நிர்திஷ்ட ,0,
வஸ்துக்களை,0,
பாஹுமந்தவ்யரை,0,
நபும்ஸகலிங்க,0,
நிர்திஷ்ட,0,
வஸ்துக்களை,0,
பாஹுமந்தவ்யரை,0,
நபும்ஸகலிங்க ,0,
நிர்திஷ்ட,0,
ஜீவனும்,0,
ஜீவாந்தர்யாமியான ,0,
இஸ்ஸங்காதம்,0,
த்வமஸி,0,
விக்ரஹ ,0,
வைலக்ஷண்யத்தையும்,0,
வைலக்ஷண்யத்தையும்,0,
விசிஷ்ட ,0,
வேஷத்தை,0,
அசிஜ்ஜீவ,0,
ஸாமாநாதி,0,
ஸ்த்ரீபுந்நபும்ஸக,0,
விலக்ஷணாவிலக்ஷண,0,
பவிஷ்யத்வர்த்தமாந,0,
விசேஷங்களாலும் ,0,
ஸகல,0,
ஸங்க்ரஹித்து,0,
ஸ்வரூபம்,0,
ஜ்ஞாந,0,
ரஜோ ,0,
ஸத்வத்தை,0,
ஜ்ஞாநமும்,0,
ப்ரஜையை,0,
ஸ்வகோஷ்டீ,0,
ப்ரஸித்தியாலே,0,
அஞ்ஜலி ,0,
ஸாத்யவஸ்து,0,
வாஸநை,0,
க்ஷிப்ரம்,0,
தேவப்ரஸாதிநீ,0,
ஹி,0,
பச்யாம்யஹம்,0,
க்ஷமம்,0,
அந்தரேணாஞ்ஜலிம்,0,
லக்ஷ்மணஸ்ய ,0,
ப்ரஸாதநா,0,
ஜ்யாகோஷத்தை,0,
மஹாராஜர்,0,
ஓரஞ்ஜலி,0,
வாஸனையாலே,0,
விஷயமிருப்பது,0,
ஸ்வாமியானவர்,0,
விச்வஸ்ய,0,
ஸர்வேச்வரன்,0,
ஸர்வேச்வரன்,0,
வ்யக்தியிலே,0,
பர்யவஸித்து,0,
அபர்யவஸாநவ்ருத்த்யா,0,
பிங்காக்ஷ்யா ,0,
ஸோமம்,0,
வஸ்து,0,
வஸ்துக்களினுடைய ,0,
ஸ்வரூபமும்,0,
ஸாமாநாதிகரண்யம் ,0,
ஸித்தியாது,0,
ப்ருதக்ஸ்திதியாத,0,
ஸ்வர்க்கத்தினின்றும்,0,
ஸ்வபாவத்தையுடையவரென்று,0,
வ்ருஷல,0,
விவாஹ,0,
ஸ்வபாவத்தையுடையவரென்று,0,
அபௌருஷேயமன,0,
ஸுத்ருட,0,
ஆகாசஸ்ஸம்பூத,0,
விகாஸமேயாகையால்,0,
ஜாதி,0,
சேஷியாயிரும்,0,
அபௌருஷேயமாய்,0,
நிர்தோஷமாய்,0,
ப்ரத்யக்ஷாதி,0,
ஹேத்வந்தரத்தாற்,0,
சுத்திகுணவிசிஷ்டன்,0,
ஹேத்வந்தரத்தாற்,0,
ஸித்தியென்னுமிடத்தை,0,
நஸிப்பித்து,0,
ஸித்திக்கு,0,
ஸித்தமான,0,
